{"display":{"thirdperson_righthand":{"rotation":[70.25,0,0],"translation":[-5.75,-2.25,2.75],"scale":[0.8,0.8,0.8]},"thirdperson_lefthand":{"rotation":[70.25,0,0],"translation":[-5.75,-2.25,2.75],"scale":[0.8,0.8,0.8]},"firstperson_righthand":{"translation":[29.5,0,0]},"firstperson_lefthand":{"translation":[15.75,0,0]},"ground":{"translation":[0,4.25,0]},"gui":{"rotation":[0,180,0],"translation":[-2.75,1.5,0],"scale":[1.5,1.5,1.5]},"head":{"rotation":[0,180,0],"translation":[-2.25,0,7.5],"scale":[1.3,1.3,1.3]},"fixed":{"translation":[4,0,0],"scale":[2,2,2]}},"textures":{"1":"./kibakama","2":"./wagara","particle":"./kibakama"},"elements":[{"from":[5,2,6.5],"to":[7,11,8.5],"faces":{"north":{"uv":[0,0,16,16],"texture":"#1"},"east":{"uv":[0,0,16,16],"texture":"#1"},"south":{"uv":[0,0,16,16],"texture":"#1"},"west":{"uv":[0,0,16,16],"texture":"#1"},"up":{"uv":[0,0,16,16],"texture":"#1"},"down":{"uv":[0,0,16,16],"texture":"#1"}}},{"from":[7.5,8.5,7.3],"to":[10.5,11,8],"rotation":{"angle":0,"axis":"z","origin":[0.5,0,0]},"faces":{"north":{"uv":[8.66837,0.98719,15.02241,7.57113],"rotation":90,"texture":"#2"},"east":{"uv":[11.48437,8.05821,12.29174,8.75308],"rotation":90,"texture":"#2"},"south":{"uv":[8.66837,0.98719,15.02241,7.57113],"rotation":90,"texture":"#2"},"west":{"uv":[11.55094,0.98719,11.93182,2.85552],"texture":"#2"},"up":{"uv":[10.08839,2.23275,10.62161,4.30036],"rotation":90,"texture":"#2"},"down":{"uv":[10.08839,2.40341,10.62161,4.47103],"rotation":90,"texture":"#2"}}},{"from":[7,9,7.29],"to":[7.5,10.5,7.97],"rotation":{"angle":0,"axis":"z","origin":[0.5,0,0]},"faces":{"north":{"uv":[11.39904,5.08319,13.05974,6.20579],"rotation":90,"texture":"#2"},"east":{"uv":[16.08147,2.63021,16.54641,4.15066],"texture":"#2"},"south":{"uv":[9.53994,4.27546,10.2255,4.64912],"rotation":90,"texture":"#2"},"west":{"uv":[11.93182,2.23275,12.31268,3.47829],"texture":"#2"},"up":{"uv":[13.75681,6.43134,13.29188,5.67111],"texture":"#2"},"down":{"uv":[16.54641,5.67111,16.08147,6.43134],"texture":"#2"}}},{"from":[10.72281,8.25683,7.3],"to":[12.22281,8.75683,8],"rotation":{"angle":22.5,"axis":"z","origin":[4.22281,-1.99317,0]},"faces":{"north":{"uv":[9.26571,0.98719,9.58564,1.2363],"rotation":90,"texture":"#2"},"east":{"uv":[16.54641,5.67111,17.01133,6.43134],"texture":"#2"},"south":{"uv":[9.26571,0.98719,9.58564,1.2363],"rotation":90,"texture":"#2"},"west":{"uv":[9.26571,3.47829,9.64658,4.10108],"texture":"#2"},"up":{"uv":[9.63135,3.07972,10.16458,4.49965],"rotation":90,"texture":"#2"},"down":{"uv":[13.45531,0.98719,12.69356,1.60996],"texture":"#2"}}},{"from":[1.92525,8.51487,7.3],"to":[3.42525,9.01487,8],"rotation":{"angle":-22.5,"axis":"z","origin":[5.42525,-1.73513,0]},"faces":{"north":{"uv":[9.77771,0.98719,10.28046,1.53523],"rotation":90,"texture":"#2"},"east":{"uv":[12.82695,6.43134,13.29188,7.19157],"texture":"#2"},"south":{"uv":[16.54641,0.34953,17.47627,1.10975],"texture":"#2"},"west":{"uv":[10.02746,3.47829,10.40833,4.10108],"texture":"#2"},"up":{"uv":[17.47627,1.86998,16.54641,1.10975],"texture":"#2"},"down":{"uv":[9.63135,3.07972,10.16458,4.49965],"rotation":90,"texture":"#2"}}},{"from":[1.5,8.5,7.3],"to":[4.5,11,8],"rotation":{"angle":0,"axis":"z","origin":[-5.5,0,0]},"faces":{"north":{"uv":[0,0,16,16],"texture":"#1"},"east":{"uv":[0,0,16,16],"texture":"#1"},"south":{"uv":[0,0,16,16],"texture":"#1"},"west":{"uv":[0,0,16,16],"texture":"#1"},"up":{"uv":[0,0,16,16],"texture":"#1"},"down":{"uv":[0,0,16,16],"texture":"#1"}}},{"from":[4.5,9,7.3],"to":[5,10.5,8],"rotation":{"angle":0,"axis":"z","origin":[-5.5,0,0]},"faces":{"north":{"uv":[0,0,16,16],"texture":"#1"},"east":{"uv":[0,0,16,16],"texture":"#1"},"south":{"uv":[0,0,16,16],"texture":"#1"},"west":{"uv":[0,0,16,16],"texture":"#1"},"up":{"uv":[0,0,16,16],"texture":"#1"},"down":{"uv":[0,0,16,16],"texture":"#1"}}},{"from":[8.91729,6.79279,7.3],"to":[10.41729,7.29279,8],"rotation":{"angle":22.5,"axis":"z","origin":[2.41729,-3.45721,0]},"faces":{"north":{"uv":[0,0,16,16],"texture":"#1"},"east":{"uv":[0,0,16,16],"texture":"#1"},"south":{"uv":[0,0,16,16],"texture":"#1"},"west":{"uv":[0,0,16,16],"texture":"#1"},"up":{"uv":[0,0,16,16],"texture":"#1"},"down":{"uv":[0,0,16,16],"texture":"#1"}}},{"from":[0.11973,9.9789,7.3],"to":[1.61973,10.4789,8],"rotation":{"angle":-22.5,"axis":"z","origin":[3.61973,-0.2711,0]},"faces":{"north":{"uv":[0,0,16,16],"texture":"#1"},"east":{"uv":[0,0,16,16],"texture":"#1"},"south":{"uv":[0,0,16,16],"texture":"#1"},"west":{"uv":[0,0,16,16],"texture":"#1"},"up":{"uv":[0,0,16,16],"texture":"#1"},"down":{"uv":[0,0,16,16],"texture":"#1"}}},{"from":[11.28253,1.98393,8.01],"to":[12.28253,4.98393,8.89],"rotation":{"angle":22.5,"axis":"z","origin":[-2.21747,-5.01607,0]},"faces":{"north":{"uv":[9.43637,5.93652,14.16533,7.57113],"rotation":90,"texture":"#2"},"east":{"uv":[9.43637,5.93652,14.16533,7.57113],"rotation":90,"texture":"#2"},"south":{"uv":[9.43637,5.93652,14.16533,7.57113],"rotation":90,"texture":"#2"},"west":{"uv":[10.62305,1.02382,10.99595,3.66747],"texture":"#2"},"up":{"uv":[11.50308,7.94765,11.13019,7.31822],"texture":"#2"},"down":{"uv":[15.54838,6.55737,15.09318,7.32573],"texture":"#2"}}},{"from":[6.5,7,8],"to":[7.5,9.77164,8.9],"rotation":{"angle":0,"axis":"z","origin":[-0.14805,-0.22836,0]},"faces":{"north":{"uv":[9.43637,5.93652,14.16533,7.57113],"rotation":90,"texture":"#2"},"east":{"uv":[9.89218,1.02382,10.56338,5.73202],"texture":"#2"},"south":{"uv":[9.43637,5.93652,14.16533,7.57113],"rotation":90,"texture":"#2"},"west":{"uv":[10.75729,3.23945,11.42851,5.42989],"texture":"#2"},"up":{"uv":[11.62241,5.93345,11.45834,5.70685],"texture":"#2"},"down":{"uv":[17.36916,4.2523,16.91396,5.02065],"texture":"#2"}}},{"from":[6.5,3,8],"to":[8.5,7,8.9],"faces":{"north":{"uv":[8.66837,0.98719,16.128,4.84046],"rotation":90,"texture":"#2"},"east":{"uv":[8.58304,1.41386,16.13174,3.04846],"rotation":90,"texture":"#2"},"south":{"uv":[8.66837,0.98719,16.128,4.84046],"rotation":90,"texture":"#2"},"west":{"uv":[10.33965,1.02382,11.01086,5.73202],"texture":"#2"},"up":{"uv":[17.36916,3.48394,16.45877,2.71557],"texture":"#2"},"down":{"uv":[11.38619,8.11308,10.71325,8.48652],"texture":"#2"}}}],"gui_light":"front"}