{"display":{"thirdperson_righthand":{"rotation":[70.25,0,0],"translation":[-5.75,-2.25,2.75],"scale":[0.8,0.8,0.8]},"thirdperson_lefthand":{"rotation":[70.25,0,0],"translation":[-5.75,-2.25,2.75],"scale":[0.8,0.8,0.8]},"firstperson_righthand":{"translation":[29.5,0,0]},"firstperson_lefthand":{"translation":[15.75,0,0]},"ground":{"translation":[0,4.25,0]},"gui":{"rotation":[0,180,0],"translation":[-2.75,1.5,0],"scale":[1.5,1.5,1.5]},"head":{"rotation":[0,180,0],"translation":[-2.25,0,7.5],"scale":[1.3,1.3,1.3]},"fixed":{"translation":[4,0,0],"scale":[2,2,2]}},"textures":{"1":"./hakama2","2":"./wagara","particle":"./hakama2"},"elements":[{"from":[5,2,6.5],"to":[7,11,8.5],"faces":{"north":{"uv":[0,0,16,16],"texture":"#1"},"east":{"uv":[0,0,16,16],"texture":"#1"},"south":{"uv":[0,0,16,16],"texture":"#1"},"west":{"uv":[0,0,16,16],"texture":"#1"},"up":{"uv":[0,0,16,16],"texture":"#1"},"down":{"uv":[0,0,16,16],"texture":"#1"}}},{"from":[7.5,8.5,7.3],"to":[10.5,11,8],"rotation":{"angle":0,"axis":"z","origin":[0.5,0,0]},"faces":{"north":{"uv":[0,8.23296,2.30434,11.49174],"rotation":90,"texture":"#2"},"east":{"uv":[0,11.46388,2.30434,13.38573],"rotation":90,"texture":"#2"},"south":{"uv":[0,8.23296,2.30434,11.49174],"rotation":90,"texture":"#2"},"west":{"uv":[4.26728,8.23296,4.9785,10.32192],"texture":"#2"},"up":{"uv":[1.53623,9.6256,2.53192,11.93738],"rotation":90,"texture":"#2"},"down":{"uv":[1.53623,9.6256,2.53192,11.93738],"rotation":90,"texture":"#2"}}},{"from":[7,9,7.29],"to":[7.5,10.5,7.97],"rotation":{"angle":0,"axis":"z","origin":[0.5,0,0]},"faces":{"north":{"uv":[0.51207,11.90953,1.79226,12.32732],"rotation":90,"texture":"#2"},"east":{"uv":[4.44509,9.152,5.00073,10.24],"texture":"#missing"},"south":{"uv":[0.51207,11.90953,1.79226,12.32732],"rotation":90,"texture":"#2"},"west":{"uv":[4.9785,9.6256,5.68971,11.01824],"texture":"#2"},"up":{"uv":[1.66691,11.872,1.11127,11.328],"texture":"#missing"},"down":{"uv":[5.00073,11.328,4.44509,11.872],"texture":"#missing"}}},{"from":[10.72281,8.25683,7.3],"to":[12.22281,8.75683,8],"rotation":{"angle":22.5,"axis":"z","origin":[4.22281,-1.99317,0]},"faces":{"north":{"uv":[0,8.23296,0.59742,8.51149],"rotation":90,"texture":"#2"},"east":{"uv":[5.00073,11.328,5.55636,11.872],"texture":"#missing"},"south":{"uv":[0,8.23296,0.59742,8.51149],"rotation":90,"texture":"#2"},"west":{"uv":[0,11.01824,0.71122,11.71456],"texture":"#2"},"up":{"uv":[0.68276,10.5726,1.67847,12.1602],"rotation":90,"texture":"#2"},"down":{"uv":[7.82336,8.23296,6.40093,8.92928],"texture":"#2"}}},{"from":[1.92525,8.51487,7.3],"to":[3.42525,9.01487,8],"rotation":{"angle":-22.5,"axis":"z","origin":[5.42525,-1.73513,0]},"faces":{"north":{"uv":[0,8.23296,0.9388,8.84572],"rotation":90,"texture":"#2"},"east":{"uv":[0.55564,11.872,1.11127,12.416],"texture":"#missing"},"south":{"uv":[5.00073,7.52,6.112,8.064],"texture":"#missing"},"west":{"uv":[1.42243,11.01824,2.13365,11.71456],"texture":"#2"},"up":{"uv":[6.112,8.608,5.00073,8.064],"texture":"#missing"},"down":{"uv":[0.68276,10.5726,1.67847,12.1602],"rotation":90,"texture":"#2"}}},{"from":[1.5,8.5,7.3],"to":[4.5,11,8],"rotation":{"angle":0,"axis":"z","origin":[-5.5,0,0]},"faces":{"north":{"uv":[0,0,16,16],"texture":"#1"},"east":{"uv":[0,0,16,16],"texture":"#1"},"south":{"uv":[0,0,16,16],"texture":"#1"},"west":{"uv":[0,0,16,16],"texture":"#1"},"up":{"uv":[0,0,16,16],"texture":"#1"},"down":{"uv":[0,0,16,16],"texture":"#1"}}},{"from":[4.5,9,7.3],"to":[5,10.5,8],"rotation":{"angle":0,"axis":"z","origin":[-5.5,0,0]},"faces":{"north":{"uv":[0,0,16,16],"texture":"#1"},"east":{"uv":[0,0,16,16],"texture":"#1"},"south":{"uv":[0,0,16,16],"texture":"#1"},"west":{"uv":[0,0,16,16],"texture":"#1"},"up":{"uv":[0,0,16,16],"texture":"#1"},"down":{"uv":[0,0,16,16],"texture":"#1"}}},{"from":[8.91729,6.79279,7.3],"to":[10.41729,7.29279,8],"rotation":{"angle":22.5,"axis":"z","origin":[2.41729,-3.45721,0]},"faces":{"north":{"uv":[0,0,16,16],"texture":"#1"},"east":{"uv":[0,0,16,16],"texture":"#1"},"south":{"uv":[0,0,16,16],"texture":"#1"},"west":{"uv":[0,0,16,16],"texture":"#1"},"up":{"uv":[0,0,16,16],"texture":"#1"},"down":{"uv":[0,0,16,16],"texture":"#1"}}},{"from":[0.11973,9.9789,7.3],"to":[1.61973,10.4789,8],"rotation":{"angle":-22.5,"axis":"z","origin":[3.61973,-0.2711,0]},"faces":{"north":{"uv":[0,0,16,16],"texture":"#1"},"east":{"uv":[0,0,16,16],"texture":"#1"},"south":{"uv":[0,0,16,16],"texture":"#1"},"west":{"uv":[0,0,16,16],"texture":"#1"},"up":{"uv":[0,0,16,16],"texture":"#1"},"down":{"uv":[0,0,16,16],"texture":"#1"}}},{"from":[11.28253,1.98393,8.01],"to":[12.28253,4.98393,8.89],"rotation":{"angle":22.5,"axis":"z","origin":[-2.21747,-5.01607,0]},"faces":{"north":{"uv":[2.5346,8.27392,3.23092,11.22975],"texture":"#2"},"east":{"uv":[1.16982,8.27392,2.42319,13.08769],"texture":"#2"},"south":{"uv":[2.5346,8.27392,3.23092,11.22975],"texture":"#2"},"west":{"uv":[2.5346,8.27392,3.23092,11.22975],"texture":"#2"},"up":{"uv":[4.17792,16.01536,3.4816,15.3116],"texture":"#2"},"down":{"uv":[3.808,11.96218,3.264,12.512],"texture":"#missing"}}},{"from":[6.5,7,8],"to":[7.5,9.77164,8.9],"rotation":{"angle":0,"axis":"z","origin":[-0.14805,-0.22836,0]},"faces":{"north":{"uv":[3.76013,10.66673,4.06651,13.05953],"texture":"#2"},"east":{"uv":[1.16982,8.27392,2.42319,13.5381],"texture":"#2"},"south":{"uv":[0,8.97768,0.91914,11.5394],"texture":"#2"},"west":{"uv":[2.78528,10.75118,4.03866,13.20029],"texture":"#2"},"up":{"uv":[4.40074,13.76331,4.09436,13.50995],"texture":"#2"},"down":{"uv":[5.984,10.31273,5.44,10.86254],"texture":"#missing"}}},{"from":[6.5,3,8],"to":[8.5,7,8.9],"faces":{"north":{"uv":[0,8.27392,1.86614,13.5381],"texture":"#2"},"east":{"uv":[2.0054,8.27392,3.25878,13.5381],"texture":"#2"},"south":{"uv":[0,8.27392,1.86614,13.5381],"texture":"#2"},"west":{"uv":[2.0054,8.27392,3.25878,13.5381],"texture":"#2"},"up":{"uv":[5.984,9.76291,4.896,9.21309],"texture":"#missing"},"down":{"uv":[3.4816,12.38392,1.58761,13.08769],"texture":"#2"}}}],"gui_light":"front"}