{"credit":"Made with Blockbench","texture_size":[64,64],"textures":{"1":"item/cit/gakuensai2021/king/tyunakami","2":"item/cit/gakuensai2021/king/tyu-ru"},"elements":[{"from":[4.6,0.5,1.03024],"to":[8.5,1.5,19.53024],"rotation":{"angle":-45,"axis":"y","origin":[10.20885,1,11.09274]},"faces":{"north":{"uv":[0.75,10.75,1.75,12.46875],"texture":"#2"},"east":{"uv":[1.71875,6.6875,15.8125,7.375],"texture":"#2"},"south":{"uv":[0.5,9.4375,2.3125,11.09375],"texture":"#2"},"west":{"uv":[0.53125,8.59375,2.21875,10.59375],"texture":"#2"},"up":{"uv":[16,6.21875,1.53125,4.375],"rotation":90,"texture":"#2"},"down":{"uv":[15.75,6.53125,1.53125,8.59375],"rotation":270,"texture":"#2"}}},{"from":[4.5,0,1.53024],"to":[7.5,2,19.53024],"rotation":{"angle":-45,"axis":"y","origin":[10.20885,1,11.09274]},"faces":{"north":{"uv":[0.71875,10.4375,1.46875,10.9375],"texture":"#2"},"east":{"uv":[1.21875,5.46875,15.875,7.46875],"texture":"#2"},"south":{"uv":[0.53125,9.03125,2.5,11.5625],"texture":"#2"},"west":{"uv":[1.34375,10.375,15.71875,11.6875],"rotation":180,"texture":"#2"},"up":{"uv":[16,5.75,1.125,0],"rotation":90,"texture":"#2"},"down":{"uv":[14.96875,12.6875,1.9375,15.3125],"rotation":270,"texture":"#2"}}},{"from":[4.75,0.5,15.03024],"to":[6.75,1.5,20.03024],"rotation":{"angle":-45,"axis":"y","origin":[10.20885,1,11.09274]},"faces":{"east":{"uv":[5.5,7.5,12,11],"texture":"#1"},"south":{"uv":[5,6,10,8.5],"texture":"#1"},"west":{"uv":[4,0.5,10.5,4.5],"texture":"#1"},"up":{"uv":[10,12,6.5,5.5],"texture":"#1"},"down":{"uv":[12.5,8.5,4.5,12],"texture":"#1"}}},{"from":[4.75,0.5,20.03024],"to":[5.75,1.5,20.53024],"rotation":{"angle":-45,"axis":"y","origin":[10.20885,1,11.09274]},"faces":{"east":{"uv":[3,1.5,5.5,3.5],"texture":"#1"},"south":{"uv":[4,4.5,6.5,6.5],"texture":"#1"},"west":{"uv":[4,3.5,5.5,5],"texture":"#1"},"up":{"uv":[8,6,3.5,4],"texture":"#1"},"down":{"uv":[5.5,3,3.5,6],"texture":"#1"}}}],"display":{"thirdperson_righthand":{"rotation":[-8.25,-124.5,1.5],"translation":[-1,3,-4.5],"scale":[0.43164,0.43164,0.43164]},"thirdperson_lefthand":{"rotation":[3.25,146.75,341.25],"translation":[-1.5,3,-4.5],"scale":[0.43164,0.43164,0.43164]},"firstperson_righthand":{"rotation":[-8.25,-124.5,1.5],"translation":[-1,3,-4.5],"scale":[0.43164,0.43164,0.43164]},"firstperson_lefthand":{"rotation":[3.25,146.75,341.25],"translation":[-1.5,3,-4.5],"scale":[0.43164,0.43164,0.43164]},"ground":{"translation":[0,4.75,0]},"gui":{"rotation":[30,90,0],"translation":[0,5.5,0],"scale":[0.91602,0.91602,0.91602]},"head":{"rotation":[-20,0,0],"translation":[9.25,-1,-14.25]},"fixed":{"rotation":[-90,0,0],"translation":[-0.25,0,-9]}}}